state,city,listings,median_price,avg_price,median_bed,median_bath,median_house_size,median_price_per_sqft,affordability_score,liquidity_score,value_score,market_opportunity_score
GEORGIA,Augusta,536,217000.0,242043.8656716418,3.0,2.0,1786.5,126.53820164793865,70.22222222222223,97.33333333333334,78.47533632286995,81.2
GEORGIA,Elberton,64,165000.0,262176.59375,3.0,2.0,1698.0,100.6896551724138,86.44444444444444,59.111111111111114,90.5829596412556,79.7
GEORGIA,Millen,29,129900.0,217665.5172413793,3.0,1.0,1333.0,97.44936234058514,94.22222222222223,42.0,92.37668161434978,77.9
GEORGIA,Rome,237,213900.0,281706.08438818564,3.0,2.0,1570.5,126.15263771800193,70.66666666666667,83.11111111111111,79.37219730941703,77.4
GEORGIA,Swainsboro,31,159900.0,186090.32258064515,3.0,2.0,1740.0,83.80503144654088,88.88888888888889,42.66666666666667,95.06726457399103,77.2
GEORGIA,Dublin,87,209900.0,359430.4597701149,3.0,2.0,2103.0,101.75339366515836,72.0,66.66666666666666,90.13452914798206,76.7
GEORGIA,Waynesboro,48,164950.0,196342.6875,3.0,2.0,1848.0,112.78571428571428,87.11111111111111,54.22222222222223,85.20179372197309,76.6
GEORGIA,Toccoa,62,160750.0,220841.12903225806,3.0,2.0,1482.0,127.29798964685861,87.55555555555556,57.77777777777777,78.02690582959642,75.3
GEORGIA,Hephzibah,72,204950.0,211977.91666666666,3.0,2.0,1699.0,116.4394234514998,74.44444444444444,62.44444444444445,84.30493273542601,74.3
GEORGIA,Emerson,9,100000.0,162766.66666666666,2.5,2.0,984.0,55.89430894308943,98.22222222222223,17.333333333333336,99.10313901345292,74.3
GEORGIA,Claxton,35,175000.0,330347.4285714286,3.0,2.0,2030.0,105.03521815564909,83.55555555555556,46.0,87.89237668161435,73.8
GEORGIA,Thomaston,72,199900.0,250977.22222222222,3.0,2.0,1575.0,125.58419474649841,76.88888888888889,62.44444444444445,80.26905829596413,73.7
GEORGIA,Sylvania,29,184900.0,190951.6896551724,3.0,2.0,1768.0,97.72270579019275,81.33333333333333,42.0,91.92825112107623,73.2
GEORGIA,Soperton,11,140000.0,184363.63636363635,3.0,2.5,1688.0,83.33333333333333,92.66666666666667,22.88888888888889,95.51569506726457,72.7
GEORGIA,Bowdon,42,174000.0,226162.35714285713,3.0,2.0,1563.5,124.51764057331863,84.0,49.77777777777778,81.16591928251121,72.7
GEORGIA,Adrian,10,125000.0,126480.0,3.0,2.0,1848.0,76.92307692307692,94.66666666666667,20.0,95.96412556053812,72.7
GEORGIA,Lagrange,68,211500.0,286577.2205882353,3.0,2.0,1994.0,116.26691042047533,71.11111111111111,59.77777777777777,84.75336322869956,72.5
GEORGIA,Mcrae Helena,14,147950.0,208875.7142857143,3.5,2.0,1928.0,97.73135669362084,91.55555555555556,27.333333333333332,91.4798206278027,72.3
GEORGIA,Tennille,7,110000.0,154010.7142857143,3.0,2.0,2142.0,53.74368396876435,96.44444444444444,12.0,99.55156950672645,72.2
GEORGIA,Luthersville,16,92500.0,166679.3125,3.0,2.0,2076.5,123.57237225245012,99.11111111111111,29.777777777777775,81.61434977578475,72.2
GEORGIA,Tignall,22,172000.0,395817.45454545453,3.0,2.0,1584.0,100.0,84.66666666666667,35.77777777777777,91.03139013452915,72.2
GEORGIA,Griffin,278,242500.0,263278.47122302157,3.0,2.0,1862.0,143.88785046728972,64.0,87.1111111111111,65.91928251121077,71.6
GEORGIA,Hazlehurst,23,179900.0,306586.95652173914,3.0,2.0,2249.0,104.41176470588236,83.11111111111111,37.55555555555555,88.34080717488789,71.3
GEORGIA,Riverdale,139,240000.0,238217.41007194246,3.0,3.0,1731.0,137.73431132844337,64.88888888888889,76.66666666666667,71.30044843049328,70.7
GEORGIA,Wrens,7,140000.0,163897.0,3.0,2.5,2560.0,67.47343117408907,92.66666666666667,12.0,98.65470852017937,70.6
GEORGIA,Statesboro,227,255000.0,317340.6960352423,4.0,2.0,1920.0,137.94739111686073,60.0,82.66666666666667,70.40358744394618,70.4
GEORGIA,Roberta,6,101192.0,107714.0,3.0,1.5,1390.0,72.48930296756384,97.77777777777777,7.111111111111111,97.30941704035874,70.4
GEORGIA,Jonesboro,198,250000.0,273149.89898989897,3.0,3.0,1832.0,137.97318611987382,61.55555555555556,81.33333333333333,69.95515695067265,70.4
GEORGIA,Keysville,10,111950.0,130374.0,3.0,1.5,1422.0,106.48148148148148,96.0,20.0,87.4439461883408,70.2
GEORGIA,Forest Park,51,200000.0,215246.6274509804,3.0,2.0,1440.0,129.95,76.0,55.333333333333336,75.7847533632287,69.7
GEORGIA,Reidsville,21,165000.0,203616.66666666666,3.0,2.0,2137.0,120.12478777589135,86.44444444444444,34.44444444444444,82.51121076233184,69.5
GEORGIA,Mount Vernon,6,122400.0,203966.66666666666,4.0,2.0,1741.0,74.30101130279596,95.55555555555556,7.111111111111111,96.8609865470852,69.5
GEORGIA,Lyons,14,187450.0,188700.0,3.0,2.0,1978.5,86.34459508182042,80.44444444444444,27.333333333333332,94.17040358744394,69.3
GEORGIA,Metter,22,196500.0,255525.5909090909,3.0,2.0,1734.5,102.74234321473061,78.22222222222223,35.77777777777777,88.78923766816143,69.2
GEORGIA,Cedartown,58,209900.0,280581.4310344828,3.0,2.0,1794.0,128.1135531135531,72.0,56.666666666666664,77.13004484304932,69.2
GEORGIA,Flovilla,6,104400.0,106700.0,3.0,1.0,1268.5,93.95972698684965,97.33333333333333,7.111111111111111,93.27354260089686,68.8
GEORGIA,Lincolnton,100,99450.0,248621.31,3.0,3.0,2152.5,169.6295168159466,98.66666666666667,69.77777777777779,37.66816143497758,68.7
GEORGIA,Wrightsville,12,185000.0,255676.5,3.0,2.0,1130.0,93.91771019677996,80.88888888888889,24.88888888888889,93.72197309417041,68.6
GEORGIA,Martinez,135,260000.0,329732.1111111111,3.0,3.0,1992.0,136.70616833789123,59.11111111111111,74.66666666666667,72.19730941704036,68.4
GEORGIA,Union City,92,255000.0,287576.79347826086,3.0,3.0,1690.5,134.7816105721244,60.0,68.22222222222221,73.99103139013454,67.4
GEORGIA,East Dublin,11,155000.0,158245.45454545456,3.0,2.0,1442.0,120.1218534551868,89.33333333333333,22.88888888888889,82.95964125560539,67.2
GEORGIA,Tallapoosa,33,189000.0,186102.42424242425,3.0,2.0,1700.0,135.16014234875445,79.55555555555556,44.0,73.09417040358744,66.6
GEORGIA,Twin City,7,149900.0,141671.42857142858,3.0,2.0,1703.0,102.63157894736842,90.66666666666667,12.0,89.23766816143498,66.6
GEORGIA,Lithonia,366,277960.0,272426.25136612024,3.0,3.0,1844.0,151.01816180517335,52.88888888888889,92.88888888888889,56.50224215246637,66.2
GEORGIA,Franklin,7,140000.0,129460.0,3.0,2.0,1273.5,110.55845915602013,92.66666666666667,12.0,86.09865470852017,66.2
GEORGIA,Grovetown,413,306680.0,319928.2493946731,4.0,3.0,2224.0,144.78741771499517,43.99999999999999,94.66666666666667,64.12556053811659,66.2
GEORGIA,Stone Mountain,307,290000.0,307082.4951140065,3.0,3.0,2004.0,144.46212577995817,48.0,89.11111111111111,64.57399103139014,66.1
GEORGIA,Jackson,113,255000.0,294676.407079646,3.0,3.0,1960.0,142.85714285714286,60.0,71.55555555555554,67.2645739910314,66.0
GEORGIA,Conyers,298,294500.0,324639.24832214764,4.0,3.0,2087.0,144.26766679826292,47.55555555555555,88.44444444444444,65.02242152466368,65.9
GEORGIA,Ellenwood,169,300000.0,316995.82840236684,4.0,3.0,2389.5,133.8069182571536,45.333333333333336,79.11111111111111,74.8878923766816,65.8
GEORGIA,Clarkesville,139,170000.0,273585.90647482016,3.0,2.5,1865.0,171.23324695012877,85.33333333333333,76.66666666666667,36.32286995515695,65.6
GEORGIA,Porterdale,10,149500.0,178369.8,2.5,2.0,1300.0,126.27118644067797,91.11111111111111,20.0,78.9237668161435,65.5
GEORGIA,Roopville,34,136500.0,310455.0,3.5,2.5,2432.0,153.7015945330296,93.77777777777777,45.111111111111114,54.26008968609865,65.3
GEORGIA,Vidalia,43,274900.0,316083.6046511628,3.0,3.0,2482.5,109.3580904114612,55.55555555555556,51.11111111111111,86.99551569506727,65.2
GEORGIA,Baxley,22,209495.0,244585.9090909091,3.0,2.0,1750.0,125.55893558581175,72.88888888888889,35.77777777777777,80.71748878923766,64.5
GEORGIA,Davisboro,7,200000.0,446757.14285714284,3.5,2.0,1611.0,68.87016729368446,76.0,12.0,97.75784753363229,64.4
GEORGIA,Adairsville,51,249000.0,272709.6666666667,3.0,3.0,1960.0,135.26750902527075,63.111111111111114,55.333333333333336,72.64573991031389,64.1
GEORGIA,Bartow,6,104700.0,171766.66666666666,4.0,3.0,2378.0,126.1143818334735,96.88888888888889,7.111111111111111,79.82062780269058,64.0
GEORGIA,Barnesville,63,220000.0,242811.14285714287,3.0,3.0,2133.0,144.97175141242937,68.88888888888889,58.44444444444444,63.67713004484305,63.9
GEORGIA,Lindale,15,189900.0,218791.33333333334,3.0,2.0,1719.0,127.36565964508863,79.11111111111111,28.666666666666668,77.57847533632287,63.4
GEORGIA,Jenkinsburg,5,124900.0,148582.0,3.0,2.0,1438.5,116.97049316962108,95.11111111111111,2.4444444444444446,83.85650224215246,63.4
GEORGIA,Carrollton,275,275000.0,413894.55636363634,3.0,3.0,1968.0,155.9791941216405,54.66666666666667,86.44444444444444,52.01793721973094,63.3
GEORGIA,Whitesburg,20,196509.0,213125.65,3.0,2.0,1603.5,134.72115435540516,77.77777777777777,33.55555555555556,74.43946188340807,63.3
GEORGIA,Glennville,6,181450.0,211633.33333333334,3.0,2.5,1838.0,96.4448685115471,81.77777777777777,7.111111111111111,92.82511210762331,63.2
GEORGIA,Ellabell,14,204950.0,252063.57142857142,4.0,3.0,1939.0,120.22271714922049,74.44444444444444,27.333333333333332,82.0627802690583,63.0
GEORGIA,Hogansville,8,187700.0,373575.0,2.5,2.0,1754.5,110.33055555555556,80.0,15.333333333333332,86.54708520179372,62.9
GEORGIA,Fairburn,336,300670.0,331529.9910714286,3.0,3.0,2340.0,150.99930828600554,44.888888888888886,90.66666666666666,56.95067264573991,62.8
GEORGIA,Temple,88,277500.0,311569.375,3.0,2.0,1774.0,141.41949152542372,53.333333333333336,67.11111111111111,68.16143497757848,62.7
GEORGIA,Mcrae,6,207125.0,327700.0,3.0,2.0,1494.0,68.57416879795396,73.33333333333333,7.111111111111111,98.20627802690584,62.2
GEORGIA,Morrow,63,240000.0,228398.38095238095,3.0,2.0,1459.0,148.8235294117647,64.88888888888889,58.44444444444444,60.98654708520179,61.6
GEORGIA,Zebulon,39,150000.0,296255.641025641,3.5,3.0,1862.0,164.7985347985348,90.0,48.0,43.94618834080718,61.3
GEORGIA,Bremen,90,277450.0,320970.6777777778,3.0,3.0,1969.0,146.58770445572475,53.77777777777778,67.55555555555556,63.228699551569505,61.2
GEORGIA,Covington,260,283000.0,308157.49615384615,3.0,2.0,1760.0,158.8170865279299,50.666666666666664,84.88888888888889,49.327354260089685,60.5
GEORGIA,Sandersville,19,275000.0,249841.7894736842,3.0,3.0,2035.0,102.42232754081095,54.66666666666667,32.44444444444444,89.68609865470852,60.3
GEORGIA,Conley,28,249500.0,284795.6785714286,4.0,3.0,2333.0,136.75808583690986,62.666666666666664,41.333333333333336,71.74887892376682,59.4
GEORGIA,Midville,7,160000.0,240271.42857142858,3.0,2.0,1878.0,137.91267305644303,88.0,12.0,70.85201793721973,59.2
GEORGIA,Douglasville,411,305900.0,352476.76399026765,3.0,3.0,1933.0,165.3944020356234,44.44444444444444,94.22222222222221,43.497757847533634,59.0
GEORGIA,Portal,5,181000.0,273499.8,3.0,2.0,1536.0,117.83854166666669,82.22222222222223,2.4444444444444446,83.40807174887892,58.7
GEORGIA,Alma,11,249900.0,516947.7272727273,3.0,2.0,2097.0,111.99428667450849,62.22222222222222,22.88888888888889,85.65022421524664,58.6
GEORGIA,Hampton,292,352695.0,375058.34246575343,4.0,3.0,2377.0,146.91078561917445,29.33333333333333,87.55555555555556,62.780269058295964,58.5
GEORGIA,Villa Rica,224,330000.0,349507.10714285716,4.0,3.0,2520.5,150.7499751942841,37.33333333333333,81.77777777777779,57.847533632286996,57.8
GEORGIA,Big Canoe,92,140000.0,308443.4456521739,4.0,4.0,4426.0,205.68362193362194,92.66666666666667,68.22222222222221,13.45291479820628,57.6
GEORGIA,Harlem,105,336900.0,316818.4380952381,4.0,3.0,2337.0,143.56796116504853,36.44444444444444,70.22222222222221,66.3677130044843,57.1
GEORGIA,Stockbridge,338,352957.5,364740.1982248521,4.0,3.0,2511.0,152.5369149637442,28.888888888888886,91.55555555555556,55.60538116591928,57.0
GEORGIA,Port Wentworth,33,289900.0,301680.75757575757,3.5,3.0,2126.0,128.37108953613807,48.44444444444444,44.0,76.68161434977578,57.0
GEORGIA,Kingston,71,280990.0,307132.22535211267,4.0,3.0,2282.0,150.46911649726349,51.111111111111114,61.77777777777778,58.29596412556054,56.8
GEORGIA,Springfield,24,221950.0,481216.6666666667,3.0,2.0,1680.0,149.40217391304347,68.44444444444444,39.111111111111114,60.08968609865471,56.7
GEORGIA,Rincon,112,275000.0,310747.9464285714,4.0,2.0,2313.5,162.85430534429264,54.66666666666667,71.11111111111111,46.18834080717489,56.6
GEORGIA,Mcdonough,416,385200.0,407623.45192307694,4.0,3.0,2622.0,151.4756671899529,24.0,95.11111111111111,56.053811659192824,56.6
GEORGIA,South Fulton,126,264400.0,307172.15873015876,3.0,3.0,1722.5,168.39233155675763,58.22222222222222,73.11111111111111,39.46188340807175,56.1
GEORGIA,Rockmart,76,245500.0,279119.2894736842,3.0,2.0,1350.0,167.02977487291213,63.55555555555556,64.22222222222223,41.70403587443946,56.1
GEORGIA,Pembroke,7,279900.0,333914.28571428574,3.0,2.0,1889.0,84.7457627118644,52.22222222222222,12.0,94.61883408071749,55.0
GEORGIA,Evans,255,375900.0,424782.03921568627,4.0,3.0,2947.0,149.85727878211227,25.33333333333333,84.44444444444444,58.74439461883408,54.8
GEORGIA,Rydal,59,344192.0,387329.57627118647,4.0,3.0,2573.0,135.15742944576675,32.888888888888886,57.333333333333336,73.54260089686099,54.5
GEORGIA,Lithia Springs,76,288175.0,315477.80263157893,3.0,3.0,1834.0,156.16071428571428,48.88888888888889,64.22222222222223,51.5695067264574,54.4
GEORGIA,Garfield,6,159999.5,142666.5,3.0,2.0,1376.0,148.9825581395349,88.44444444444444,7.111111111111111,60.53811659192825,54.3
GEORGIA,Milner,27,240000.0,281321.5925925926,3.0,2.0,1593.5,152.83060934138388,64.88888888888889,40.666666666666664,55.156950672645735,54.2
GEORGIA,Uvalda,10,222000.0,278450.0,3.0,2.0,1427.5,140.72057748538012,68.0,20.0,69.05829596412556,54.0
GEORGIA,Guyton,86,307990.0,295489.4651162791,4.0,3.0,2214.0,154.18864550737595,43.111111111111114,66.22222222222223,52.91479820627802,53.5
GEORGIA,Appling,42,233500.0,329607.14285714284,3.0,3.0,2596.0,166.1775495231108,67.11111111111111,49.77777777777778,43.04932735426009,53.5
GEORGIA,Rex,69,279900.0,294269.82608695654,3.0,3.0,2081.0,161.42186506397508,52.22222222222222,60.66666666666667,47.98206278026906,53.3
GEORGIA,Dillard,23,89000.0,275547.82608695654,3.0,2.0,2100.0,197.1947194719472,99.55555555555556,37.55555555555555,18.83408071748879,52.7
GEORGIA,Locust Grove,153,389900.0,386536.8169934641,4.0,3.0,2525.0,147.6200067136623,21.555555555555543,77.77777777777779,62.33183856502242,52.7
GEORGIA,College Park,70,264900.0,324939.1285714286,3.0,3.0,1747.0,168.26923076923077,57.77777777777778,61.33333333333333,39.9103139013453,52.6
GEORGIA,Dallas,510,360000.0,393254.4862745098,4.0,3.0,2180.0,168.50829875518673,26.66666666666667,96.44444444444444,39.01345291479821,51.9
GEORGIA,Newnan,428,380000.0,438895.92523364484,4.0,3.0,2469.0,167.96072388177652,24.8888888888889,96.0,40.80717488789237,51.8
GEORGIA,Waco,5,190000.0,249942.0,2.0,2.0,2612.0,143.52986217457888,78.66666666666666,2.4444444444444446,66.81614349775785,51.7
GEORGIA,Bowersville,12,284900.0,264391.6666666667,3.0,3.0,2166.5,129.5,50.22222222222222,24.88888888888889,76.23318385650225,51.7
GEORGIA,East Point,127,265000.0,283815.74803149607,3.0,2.0,1492.0,183.06082406801832,57.33333333333333,73.77777777777777,26.90582959641256,51.6
GEORGIA,Loganville,403,407290.0,419123.0521091811,4.0,3.0,2660.0,161.74060299845797,18.66666666666667,93.77777777777779,47.53363228699552,51.3
GEORGIA,Snellville,337,389000.0,409424.17804154305,4.0,3.0,2362.0,163.2075471698113,22.444444444444443,91.11111111111111,45.73991031390135,51.2
GEORGIA,Austell,133,299900.0,304175.24812030076,3.0,3.0,1676.5,171.19213439870296,46.0,74.22222222222223,36.77130044843049,51.2
GEORGIA,Marble Hill,5,295000.0,297784.0,3.0,3.0,1848.0,75.7034632034632,47.111111111111114,2.4444444444444446,96.41255605381166,51.0
GEORGIA,Ellijay,363,250000.0,335037.7658402204,3.0,2.0,2016.0,237.9209370424597,61.55555555555556,92.44444444444444,4.932735426008975,51.0
GEORGIA,Lawrenceville,596,384900.0,426176.8489932886,4.0,3.0,2270.0,171.5686274509804,24.444444444444443,98.22222222222223,35.426008968609864,50.4
GEORGIA,Cartersville,332,329900.0,397929.6957831325,4.0,3.0,1964.5,179.8870056497175,37.77777777777778,90.22222222222223,28.69955156950674,50.3
GEORGIA,Silver Creek,16,285400.0,256362.5,3.5,3.0,2032.0,141.41463414634146,49.33333333333333,29.777777777777775,68.60986547085201,50.2
GEORGIA,Concord,6,224450.0,236466.66666666666,4.0,2.5,2265.5,138.20101674579286,67.55555555555556,7.111111111111111,69.50672645739911,50.1
GEORGIA,Cornelia,36,209900.0,266353.3611111111,2.0,2.0,1714.0,177.95811518324606,72.0,46.88888888888889,30.49327354260089,49.9
GEORGIA,Scottdale,84,204500.0,300483.63095238095,3.0,3.0,2027.0,213.42418235877105,75.11111111111111,65.77777777777779,9.417040358744401,49.3
GEORGIA,Jasper,275,299900.0,407039.0327272727,3.0,3.0,1965.0,192.54748761736408,46.0,86.44444444444444,20.17937219730942,49.1
GEORGIA,Palmetto,46,343490.0,349097.76086956525,4.0,3.0,2365.0,149.75868725868725,33.33333333333334,53.55555555555556,59.19282511210762,48.5
GEORGIA,Hiram,136,320000.0,391619.45588235295,3.0,3.0,1900.0,173.602853745541,40.0,75.1111111111111,33.6322869955157,48.3
GEORGIA,Aragon,19,219900.0,400989.4736842105,3.0,2.0,1596.0,168.05574532039896,69.33333333333334,32.44444444444444,40.35874439461884,48.1
GEORGIA,Thomson,7,200000.0,355700.0,3.0,2.0,1323.0,158.8150873221216,76.0,12.0,49.775784753363226,47.6
GEORGIA,Pooler,94,354450.0,444672.8829787234,4.0,3.0,2400.0,161.17850953206238,28.0,68.88888888888889,48.430493273542595,47.4
GEORGIA,Meansville,14,234293.0,278063.28571428574,3.0,3.0,1760.0,163.54445435622955,66.66666666666667,27.333333333333332,45.2914798206278,47.4
GEORGIA,Tiger,44,172000.0,291968.1590909091,3.0,3.0,1930.0,237.90381531786454,84.66666666666667,51.55555555555556,5.381165919282509,47.0
GEORGIA,Rentz,9,272000.0,265955.55555555556,3.0,2.0,2109.5,147.6970979292169,56.44444444444445,17.333333333333336,61.43497757847533,46.5
GEORGIA,Fayetteville,293,445000.0,515665.4232081911,4.0,3.0,2733.5,166.9481981981982,13.777777777777771,88.0,42.152466367713004,46.0
GEORGIA,Powder Springs,253,387000.0,469604.3043478261,4.0,3.0,2316.0,171.42857142857142,23.555555555555557,84.0,35.87443946188341,46.0
GEORGIA,Armuchee,8,312400.0,312925.0,3.0,2.5,2425.0,132.0127504553734,41.77777777777778,15.333333333333332,75.33632286995515,45.6
GEORGIA,Dacula,189,444700.0,522331.3703703704,4.0,3.0,2870.0,162.36332141555562,14.222222222222229,80.44444444444444,47.08520179372198,45.6
GEORGIA,Talking Rock,111,235000.0,348142.8378378378,3.0,2.5,1966.5,247.2064916954463,66.22222222222223,70.66666666666667,3.1390134529147957,45.5
GEORGIA,Oxford,32,322400.0,380753.125,3.0,3.0,1942.5,154.07753750243523,39.55555555555556,43.111111111111114,53.36322869955157,45.5
GEORGIA,Prt Wentworth,8,236490.0,250177.5,3.0,3.0,1455.0,158.06872852233678,65.77777777777777,15.333333333333332,50.224215246636774,45.2
GEORGIA,Acworth,384,399900.0,473028.0052083333,4.0,3.0,2341.0,179.64300818877194,20.0,93.33333333333333,29.147982062780258,45.2
GEORGIA,Louisville,11,285000.0,489996.36363636365,3.0,2.0,2517.5,149.4052171537831,49.77777777777778,22.88888888888889,59.64125560538117,45.2
GEORGIA,Demorest,45,339600.0,358284.55555555556,3.0,2.0,1800.0,160.71428571428572,34.66666666666667,52.44444444444445,48.87892376681614,45.0
GEORGIA,Decatur,628,337000.0,413853.36305732484,3.0,2.0,1553.0,222.74285714285716,36.0,98.66666666666667,8.07174887892377,45.0
GEORGIA,Norcross,121,307000.0,338495.7190082645,3.0,3.0,1574.0,187.72893772893767,43.55555555555556,72.44444444444444,22.869955156950667,45.0
GEORGIA,Mableton,146,349450.0,360772.1095890411,3.0,3.0,1911.0,179.50391644908615,32.44444444444444,77.33333333333333,29.596412556053806,44.9
GEORGIA,Savannah,361,339000.0,481403.96952908585,3.0,2.0,1706.5,205.24602837946938,35.111111111111114,92.0,14.349775784753362,44.9
GEORGIA,Clarkston,22,280000.0,267895.45454545453,3.0,2.0,1243.0,164.64039298306582,51.55555555555556,35.77777777777777,44.39461883408071,44.3
GEORGIA,Mountain City,9,150000.0,227155.44444444444,3.0,1.5,1200.0,190.83333333333331,90.0,17.333333333333336,21.076233183856502,44.1
GEORGIA,Brooklet,46,364450.0,341214.32608695654,4.0,3.0,2300.0,156.99055944055942,26.22222222222223,53.55555555555556,51.12107623318386,43.1
GEORGIA,Newborn,18,252450.0,331827.77777777775,3.0,3.0,2475.0,173.15156819628493,60.888888888888886,31.11111111111111,34.08071748878923,42.6
GEORGIA,Clayton,74,267250.0,330447.97297297296,3.0,3.0,1769.0,209.8293299620733,56.888888888888886,63.11111111111111,10.31390134529147,42.5
GEORGIA,Rabun Gap,18,219622.5,254969.16666666666,3.0,2.0,1736.0,187.5,69.77777777777777,31.11111111111111,23.766816143497763,42.1
GEORGIA,Marietta,895,425000.0,532313.346368715,4.0,3.0,2393.0,198.7951807228916,16.666666666666657,99.55555555555556,17.937219730941706,42.0
GEORGIA,Alto,10,319375.0,275366.0,4.0,3.0,2209.0,147.64599366229064,40.44444444444445,20.0,61.88340807174888,41.8
GEORGIA,Grayson,117,409900.0,467901.452991453,4.0,3.0,2517.0,169.36129904569773,18.222222222222214,72.0,38.11659192825112,41.3
GEORGIA,Lovejoy,10,295282.5,288796.5,3.5,3.0,2049.0,153.975,46.666666666666664,20.0,53.81165919282511,41.2
GEORGIA,Williamson,42,389000.0,391257.64285714284,4.0,3.0,2694.0,155.60165975103735,22.444444444444443,49.77777777777778,52.46636771300449,41.2
GEORGIA,Kennesaw,247,410000.0,501593.6680161943,4.0,3.0,2236.0,181.5181518151815,17.777777777777786,83.55555555555556,27.354260089686093,40.9
GEORGIA,Winston,52,338950.0,367178.8846153846,4.0,3.0,1948.0,174.18304828159663,35.55555555555556,56.00000000000001,32.7354260089686,40.7
GEORGIA,Gainesville,225,368350.0,446636.09777777776,3.0,3.0,2100.0,194.78527607361963,25.77777777777777,82.22222222222221,19.73094170403587,40.6
GEORGIA,Mansfield,45,349500.0,366084.5333333333,4.0,3.0,1683.0,168.5460487225193,32.0,52.44444444444445,38.56502242152467,40.4
GEORGIA,Bloomingdale,24,272450.0,396687.5,3.0,2.0,1518.5,184.94912458375296,56.0,39.111111111111114,25.56053811659193,40.3
GEORGIA,Lilburn,194,404950.0,416022.1649484536,4.0,3.0,2345.0,184.04522613065328,19.111111111111114,80.88888888888889,26.008968609865462,40.1
GEORGIA,Senoia,126,505162.5,486278.00793650793,4.0,3.0,3098.0,166.61261531294275,8.888888888888886,73.11111111111111,42.600896860986545,40.0
GEORGIA,Tucker,99,353000.0,362563.28282828286,3.0,3.0,1765.0,185.34776084244322,28.444444444444457,69.33333333333334,24.663677130044846,39.4
GEORGIA,Stonecrest,49,339990.0,369349.6530612245,3.0,3.0,1673.0,175.57462090981645,33.77777777777777,54.666666666666664,31.838565022421534,39.4
GEORGIA,Mount Airy,23,309900.0,363365.652173913,3.0,2.0,1600.0,170.76502732240436,42.44444444444444,37.55555555555555,37.21973094170403,39.1
GEORGIA,Canton,554,475000.0,567154.8050541516,4.0,3.0,2473.0,200.79300781467265,10.666666666666671,97.77777777777777,17.040358744394624,39.0
GEORGIA,Martin,8,197000.0,239937.5,3.0,2.0,1520.0,191.0556891025641,77.33333333333334,15.333333333333332,20.627802690582968,38.9
GEORGIA,Cumming,676,560080.5,620274.4792899408,4.0,4.0,3004.5,199.09400257416274,6.222222222222214,99.11111111111111,17.488789237668158,38.0
GEORGIA,Woodstock,423,460850.0,524687.0921985816,3.0,3.0,2292.0,205.16169154228857,12.0,95.55555555555556,14.79820627802691,38.0
GEORGIA,Douglas,7,352000.0,383428.14285714284,4.0,3.0,2900.0,141.66666666666666,29.777777777777786,12.0,67.71300448430493,37.7
GEORGIA,Buchanan,5,180000.0,173562.0,3.5,2.0,1549.0,188.96231071623743,82.66666666666666,2.4444444444444446,21.973094170403584,37.4
GEORGIA,Duluth,182,425500.0,568046.5549450549,4.0,3.0,2292.0,188.05900621118013,15.555555555555557,80.0,22.421524663677133,37.3
GEORGIA,Waleska,83,354900.0,422304.6385542169,3.0,3.0,2271.0,189.9573478092284,27.555555555555557,65.33333333333333,21.524663677130036,36.8
GEORGIA,Taylorsville,19,350000.0,579548.6315789474,3.0,3.0,2081.0,162.7617525859894,30.444444444444443,32.44444444444444,46.63677130044843,36.7
GEORGIA,Smyrna,314,425000.0,471326.98089171975,3.0,3.0,1972.0,208.95033654720754,16.666666666666657,89.77777777777777,10.762331838565018,36.5
GEORGIA,Baldwin,13,359900.0,361576.53846153844,3.0,3.0,2470.5,153.6655928793671,27.111111111111114,26.0,54.7085201793722,36.4
GEORGIA,Atlanta,3526,428950.0,568138.0399886557,3.0,3.0,1711.0,269.3337849012406,15.111111111111114,100.0,1.7937219730941791,35.9
GEORGIA,Ball Ground,138,404900.0,483577.1376811594,4.0,3.0,2370.0,202.14030915576691,19.555555555555557,75.77777777777777,16.591928251121075,35.4
GEORGIA,Suwanee,307,549900.0,656542.9446254071,4.0,4.0,2840.0,203.59121106893605,7.333333333333343,89.11111111111111,15.695067264573993,34.8
GEORGIA,Peachtree City,154,516186.0,570384.9675324676,4.0,4.0,2893.5,187.64437977782399,8.0,78.22222222222223,23.318385650224215,34.4
GEORGIA,Social Circle,45,389900.0,479851.0888888889,3.5,3.0,2246.5,176.92813966436012,21.555555555555543,52.44444444444445,31.390134529147986,34.3
GEORGIA,Euharlee,25,335000.0,388132.8,4.0,4.0,2946.0,185.15880292188433,36.88888888888889,40.0,25.11210762331838,33.7
GEORGIA,White,40,324950.0,481772.75,3.0,2.0,2100.0,204.1095890410959,39.11111111111111,48.44444444444444,15.246636771300444,33.6
GEORGIA,Auburn,68,449500.0,529375.7941176471,4.0,3.0,2589.0,177.09154113557358,13.333333333333329,59.77777777777777,30.941704035874437,33.4
GEORGIA,Sharpsburg,69,425000.0,444087.50724637683,4.0,3.0,2536.5,183.3034580196968,16.666666666666657,60.66666666666667,26.45739910313901,33.3
GEORGIA,Alpharetta,511,650000.0,777523.1643835617,4.0,4.0,2536.5,240.583773735898,2.666666666666657,96.88888888888889,4.035874439461878,31.4
GEORGIA,Roswell,274,567950.0,681972.7554744525,4.0,4.0,2637.0,216.38330757341575,5.777777777777786,85.77777777777777,8.968609865470853,30.9
GEORGIA,Buford,33,440000.0,525201.1515151515,4.0,3.0,2478.0,171.6447077596524,14.666666666666657,44.0,34.97757847533633,30.6
GEORGIA,Walnut Grove,10,388490.0,394890.0,4.5,3.0,2507.5,163.56650267978563,23.111111111111114,20.0,44.84304932735426,29.8
GEORGIA,Ranger,7,205000.0,223285.7142857143,3.0,3.0,1488.0,386.4247311827957,73.77777777777777,12.0,0.0,29.4
GEORGIA,Fairmount,34,327450.0,409508.5,3.0,2.0,2070.0,234.375,38.22222222222222,45.111111111111114,5.829596412556043,29.0
GEORGIA,Brooks,36,339950.0,423029.1666666667,4.0,3.0,2532.0,230.49282085171393,34.222222222222214,46.88888888888889,6.72645739910314,28.4
GEORGIA,Sandy Springs,273,620872.0,754582.26007326,3.0,4.0,2716.0,239.66907085277896,3.555555555555557,85.33333333333334,4.4843049327354265,28.4
GEORGIA,Hapeville,20,314950.0,335030.0,3.0,2.0,1223.5,210.55867583693072,41.333333333333336,33.55555555555556,9.865470852017935,28.0
GEORGIA,Peachtree Corners,75,569000.0,578041.2266666667,4.0,4.0,2769.0,195.7739337652764,5.333333333333329,63.55555555555556,19.282511210762337,27.7
GEORGIA,Molena,18,316750.0,373957.0,3.0,2.0,1972.0,208.76078075351796,40.888888888888886,31.11111111111111,11.210762331838566,27.6
GEORGIA,Braselton,42,468990.0,516259.28571428574,4.0,3.0,2479.0,186.08342709517166,11.555555555555557,49.77777777777778,24.215246636771298,27.5
GEORGIA,Fortson,5,470079.0,479057.2,4.0,4.0,3160.0,144.134135855546,11.111111111111114,2.4444444444444446,65.47085201793722,27.5
GEORGIA,Lakemont,23,325000.0,408117.39130434784,3.0,3.0,2689.0,228.58231707317077,38.66666666666667,37.55555555555555,7.174887892376674,27.3
GEORGIA,Johns Creek,138,749900.0,840425.4347826086,5.0,4.0,3516.5,208.0064178806179,0.8888888888888857,75.77777777777777,11.659192825112115,27.1
GEORGIA,Tyrone,24,482500.0,493766.8333333333,4.0,3.0,2920.0,174.69560614081524,9.333333333333343,39.111111111111114,32.28699551569507,26.3
GEORGIA,Sky Valley,15,349900.0,368820.0,3.0,3.0,2437.0,197.97246198923028,31.111111111111114,28.666666666666668,18.38565022421524,25.9
GEORGIA,Sugar Hill,27,576625.0,578888.074074074,4.0,3.0,3552.0,173.9562624254473,4.444444444444443,40.666666666666664,33.18385650224215,25.4
GEORGIA,Brookhaven,177,679000.0,819870.3615819209,4.0,4.0,2499.0,281.15942028985506,1.7777777777777715,79.55555555555556,0.8968609865470825,24.8
GEORGIA,Milton,157,1019200.0,1147484.1783439491,4.0,5.0,4036.0,309.73871817004476,0.0,78.66666666666666,0.44843049327354834,23.8
GEORGIA,Mariet,11,450000.0,507772.7272727273,4.0,3.0,2713.0,172.32951152197134,12.666666666666671,22.88888888888889,34.52914798206278,23.4
GEORGIA,Berkeley Lake,9,824900.0,820544.4444444445,4.0,4.0,4254.0,157.58249907304412,0.44444444444444287,17.333333333333336,50.672645739910315,23.1
GEORGIA,Dunwoody,82,623500.0,666410.5365853659,4.0,3.5,2646.0,231.29392310872265,3.1111111111111143,64.88888888888889,6.278026905829591,22.8
GEORGIA,Dawsonville,11,309900.0,593063.6363636364,3.5,3.0,3637.0,247.3192191366511,42.44444444444444,22.88888888888889,2.6905829596412474,22.7
GEORGIA,Doraville,21,399000.0,407199.5238095238,4.0,3.0,1826.0,207.5575027382256,20.444444444444443,34.44444444444444,12.556053811659197,21.9
GEORGIA,Register,5,675000.0,505599.8,3.0,1.5,2560.0,150.79365079365078,2.2222222222222285,2.4444444444444446,57.399103139013455,21.6
GEORGIA,Blairsville,35,450000.0,488979.65714285715,3.0,3.0,2300.0,220.63860625406733,12.666666666666671,46.0,8.520179372197305,21.2
GEORGIA,Avondale Estates,42,584110.0,523696.4285714286,4.0,3.0,2764.0,207.898624232365,4.0,49.77777777777778,12.107623318385649,20.6
GEORGIA,Chattahoochee Hills,58,734900.0,779118.8793103448,3.0,3.0,2300.0,225.35211267605635,1.3333333333333286,56.666666666666664,7.623318385650222,20.1
GEORGIA,Clyo,7,425000.0,372671.4285714286,3.0,2.0,1724.0,179.44052419354838,16.666666666666657,12.0,30.044843049327355,19.9
GEORGIA,East Ellijay,13,349899.0,314594.1538461539,3.0,2.0,1453.0,261.3514957264957,31.555555555555557,26.0,2.2421524663677133,19.6
GEORGIA,Lawren,6,395000.0,414150.0,3.5,2.5,2033.5,181.0594433377962,20.888888888888886,7.111111111111111,28.25112107623319,19.3
GEORGIA,Chamblee,38,482250.0,492326.8157894737,3.0,2.0,1926.0,271.41781466586804,9.777777777777771,47.55555555555556,1.3452914798206308,18.2
GEORGIA,Holly Springs,16,481945.0,470641.5625,4.0,3.0,2375.0,202.8018707482993,10.222222222222229,29.777777777777775,16.14349775784754,18.2
GEORGIA,Turin,5,514900.0,526700.0,4.0,4.0,3140.0,167.20446788706175,8.444444444444443,2.4444444444444446,41.255605381165914,18.1
GEORGIA,Carter,5,350000.0,360980.0,4.0,3.0,1900.0,205.3820870994248,30.444444444444443,2.4444444444444446,13.901345291479814,16.3
GEORGIA,Moreland,12,554450.0,495724.0833333333,3.5,3.0,2468.5,207.21842919693705,6.666666666666671,24.88888888888889,13.004484304932745,14.4
GEORGIA,Smoke Rise,5,549900.0,568960.0,5.0,5.0,3500.0,181.25,7.333333333333343,2.4444444444444446,27.80269058295964,13.0
GEORGIA,Alphar,6,570000.0,613316.6666666666,3.5,3.5,2909.5,243.58147122741417,4.888888888888886,7.111111111111111,3.587443946188344,5.1
GEORGIA,Braswell,9,167000.0,178000.0,,,,,85.77777777777777,17.333333333333336,,
GEORGIA,Newington,6,262500.0,265800.0,3.0,3.0,,,58.666666666666664,7.111111111111111,,
